HE Provider,Academic year start,Value(£000s)
AA School of Architecture,2017,0
AA School of Architecture,2018,0
AA School of Architecture,2019,0
AA School of Architecture,2020,0
AA School of Architecture,2021,0
AA School of Architecture,2022,0
Abertay University,2015,909
Abertay University,2016,1158
Abertay University,2017,1316
Abertay University,2018,2061
Abertay University,2020,2307
Abertay University,2019,2394
Abertay University,2022,2743
Abertay University,2021,2808
Aberystwyth University,2019,15566
Aberystwyth University,2021,17449
Aberystwyth University,2018,18517
Aberystwyth University,2017,20004
Aberystwyth University,2020,20217
Aberystwyth University,2015,21712
Aberystwyth University,2016,21836
Aberystwyth University,2022,22230
Academy of Live and Recorded Arts,2018,0
Academy of Live and Recorded Arts,2019,0
Academy of Live and Recorded Arts,2020,0
Academy of Live Technology Ltd,2019,38
Academy of Live Technology Ltd,2020,68
Academy of Live Technology Ltd,2022,176
Academy of Live Technology Ltd,2023,187
Academy of Live Technology Ltd,2021,190
ACM Guildford Limited,2018,0
ACM Guildford Limited,2019,0
ACM Guildford Limited,2020,0
ACM Guildford Limited,2021,0
ACM Guildford Limited,2022,0
ACM Guildford Limited,2023,0
AECC University College,2021,6
AECC University College,2017,12
AECC University College,2019,13
AECC University College,2020,32
AECC University College,2018,37
AECC University College,2016,44
AECC University College,2022,84
All Nations Christian College,2018,0
All Nations Christian College,2019,0
All Nations Christian College,2020,0
All Nations Christian College,2021,0
All Nations Christian College,2022,0
All Nations Christian College,2023,0
Amity Global Education,2017,0
Amity Global Education,2018,0
Amity Global Education,2019,0
Amity Global Education,2020,0
Amity Global Education,2021,0
Amity Global Education,2022,0
Amity Global Education,2023,0
Anglia Ruskin University,2020,3691
Anglia Ruskin University,2015,4115
Anglia Ruskin University,2019,4464
Anglia Ruskin University,2017,5205
Anglia Ruskin University,2021,5880
Anglia Ruskin University,2018,6347
Anglia Ruskin University,2016,6542
Anglia Ruskin University,2022,7304
Anglo Skills College,2021,0
Anglo Skills College,2022,0
Anglo Skills College,2023,0
Apex College,2018,0
Apex College,2019,0
Apex College,2020,0
Apex College,2021,0
Apex College,2022,0
Apex College,2023,0
Applied Business Academy Limited,2019,0
Applied Business Academy Limited,2020,0
Applied Business Academy Limited,2021,0
Applied Business Academy Limited,2022,0
Arden University,2018,0
Arden University,2019,0
Arden University,2020,0
Arden University,2021,0
Arden University,2022,0
Arden University,2022,27
Arts Educational Schools,2018,0
Arts Educational Schools,2019,0
Arts Educational Schools,2020,0
Arts Educational Schools,2021,0
Arts Educational Schools,2022,0
Arts Educational Schools,2023,0
Arts University Plymouth,2015,0
Arts University Plymouth,2016,0
Arts University Plymouth,2017,0
Arts University Plymouth,2018,0
Arts University Plymouth,2019,0
Arts University Plymouth,2020,0
Arts University Plymouth,2021,0
Arts University Plymouth,2022,0
Aston University,2016,14743
Aston University,2015,14945
Aston University,2017,16688
Aston University,2019,17087
Aston University,2018,17101
Aston University,2021,19256
Aston University,2022,20547
Aston University,2020,21141
Bangor University,2015,16929
Bangor University,2016,18286
Bangor University,2018,21098
Bangor University,2017,21130
Bangor University,2019,21551
Bangor University,2020,23385
Bangor University,2021,29544
Bangor University,2022,33069
Bath Spa University,2015,1404
Bath Spa University,2016,1493
Bath Spa University,2022,1501
Bath Spa University,2020,1535
Bath Spa University,2021,1663
Bath Spa University,2017,1690
Bath Spa University,2018,1975
Bath Spa University,2019,2059
BCNO Limited,2018,0
BCNO Limited,2019,0
BCNO Limited,2020,0
BCNO Limited,2021,0
BCNO Limited,2022,0
BCNO Limited,2023,0
BIMM University,2018,0
BIMM University,2019,0
BIMM University,2020,0
BIMM University,2021,0
BIMM University,2022,0
BIMM University,2023,0
Bird College,2021,0
Bird College,2022,0
Birkbeck College,2020,8287
Birkbeck College,2019,8411
Birkbeck College,2018,8839
Birkbeck College,2016,9091
Birkbeck College,2021,9333
Birkbeck College,2022,9474
Birkbeck College,2015,10082
Birkbeck College,2017,12941
Birmingham Christian College,2022,0
Birmingham Christian College,2023,0
Birmingham City University,2016,1686
Birmingham City University,2015,1997
Birmingham City University,2019,2234
Birmingham City University,2018,2489
Birmingham City University,2017,2665
Birmingham City University,2022,3483
Birmingham City University,2020,3686
Birmingham City University,2021,4368
Birmingham Newman University,2020,3
Birmingham Newman University,2019,4
Birmingham Newman University,2018,17
Birmingham Newman University,2022,31
Birmingham Newman University,2021,116
Birmingham Newman University,2017,541
Birmingham Newman University,2015,623
Birmingham Newman University,2016,1004
Bishop Grosseteste University,2015,9
Bishop Grosseteste University,2016,63
Bishop Grosseteste University,2022,74
Bishop Grosseteste University,2017,107
Bishop Grosseteste University,2021,175
Bishop Grosseteste University,2018,226
Bishop Grosseteste University,2020,241
Bishop Grosseteste University,2019,268
Bloomsbury Institute,2018,0
Bloomsbury Institute,2019,0
Bloomsbury Institute,2020,0
Bloomsbury Institute,2021,0
Bloomsbury Institute,2022,0
Bournemouth University,2016,4040
Bournemouth University,2020,4539
Bournemouth University,2015,4647
Bournemouth University,2017,5041
Bournemouth University,2021,5144
Bournemouth University,2019,5440
Bournemouth University,2022,5487
Bournemouth University,2018,6575
BPP University,2018,0
BPP University,2019,0
BPP University,2020,0
BPP University,2021,0
BPP University,2022,0
BPP University,2023,0
Bristol Baptist College,2017,0
Bristol Baptist College,2018,0
Bristol Baptist College,2019,0
Bristol Baptist College,2020,0
Bristol Baptist College,2021,0
Bristol Baptist College,2022,0
Brit College,2018,0
Brit College,2019,0
Brit College,2020,0
Brit College,2021,0
Brit College,2022,0
British Academy of Jewellery Limited,2018,0
British Academy of Jewellery Limited,2019,0
British Academy of Jewellery Limited,2020,0
British Academy of Jewellery Limited,2021,0
British Academy of Jewellery Limited,2022,0
Brunel University London,2022,18719
Brunel University London,2016,20858
Brunel University London,2020,20916
Brunel University London,2015,21905
Brunel University London,2021,22372
Brunel University London,2017,22695
Brunel University London,2018,22962
Brunel University London,2019,26111
Buckinghamshire New University,2020,283
Buckinghamshire New University,2022,308
Buckinghamshire New University,2021,414
Buckinghamshire New University,2019,495
Buckinghamshire New University,2018,589
Buckinghamshire New University,2016,620
Buckinghamshire New University,2015,718
Buckinghamshire New University,2017,727
Cambridge Arts and Sciences Limited,2018,0
Cambridge Arts and Sciences Limited,2019,0
Cambridge Arts and Sciences Limited,2020,0
Cambridge Arts and Sciences Limited,2021,0
Cambridge Arts and Sciences Limited,2022,0
Cambridge Arts and Sciences Limited,2023,0
Canterbury Christ Church University,2016,547
Canterbury Christ Church University,2015,1444
Canterbury Christ Church University,2018,1554
Canterbury Christ Church University,2019,1644
Canterbury Christ Church University,2022,1715
Canterbury Christ Church University,2021,1939
Canterbury Christ Church University,2020,2093
Canterbury Christ Church University,2017,2148
Cardiff Metropolitan University,2016,1790
Cardiff Metropolitan University,2017,1991
Cardiff Metropolitan University,2019,2272
Cardiff Metropolitan University,2020,2429
Cardiff Metropolitan University,2018,2631
Cardiff Metropolitan University,2015,2783
Cardiff Metropolitan University,2021,3752
Cardiff Metropolitan University,2022,4279
Cardiff University,2016,101232
Cardiff University,2017,105907
Cardiff University,2020,112648
Cardiff University,2019,112773
Cardiff University,2015,113623
Cardiff University,2018,116048
Cardiff University,2021,125427
Cardiff University,2022,133624
Caspian School of Academics,2021,0
Caspian School of Academics,2022,0
CEG UFP Limited,2019,0
CEG UFP Limited,2020,0
CEG UFP Limited,2021,0
CEG UFP Limited,2022,0
CEG UFP Limited,2023,0
Central Film School London,2018,0
Central Film School London,2019,0
Central Film School London,2020,0
Central Film School London,2021,0
Central Film School London,2022,0
Central Film School London,2023,0
Central School of Ballet,2020,0
Central School of Ballet,2021,0
Central School of Ballet,2022,0
Chicken Shed Theatre Company,2017,0
Chicken Shed Theatre Company,2018,0
Chicken Shed Theatre Company,2019,0
Chicken Shed Theatre Company,2020,0
Chicken Shed Theatre Company,2021,0
Chicken Shed Theatre Company,2022,0
Chicken Shed Theatre Company,2023,0
Christ the Redeemer College,2017,0
Christ the Redeemer College,2018,0
Christ the Redeemer College,2019,0
Christ the Redeemer College,2020,0
Christ the Redeemer College,2021,0
Christ the Redeemer College,2022,0
Christie's Education Limited,2018,0
Christie's Education Limited,2019,0
City and Guilds of London Art School,2018,0
City and Guilds of London Art School,2019,0
City and Guilds of London Art School,2020,0
City and Guilds of London Art School,2021,0
City and Guilds of London Art School,2022,0
City and Guilds of London Art School,2023,0
"City, University of London",2019,11144
"City, University of London",2020,11246
"City, University of London",2016,11640
"City, University of London",2015,11710
"City, University of London",2018,11716
"City, University of London",2017,11992
"City, University of London",2021,12866
"City, University of London",2022,13372
Cliff College,2018,0
Cliff College,2019,0
Cliff College,2020,0
Cliff College,2021,0
Cliff College,2022,10
Cliff College,2023,10
College of Legal Practice Limited,2019,0
College of Legal Practice Limited,2020,0
College of Legal Practice Limited,2021,0
College of Legal Practice Limited,2022,0
Commonwealth College of Excellence,2021,0
Commonwealth College of Excellence,2022,0
Conservatoire for Dance and Drama,2015,0
Conservatoire for Dance and Drama,2016,0
Conservatoire for Dance and Drama,2017,0
Conservatoire for Dance and Drama,2018,0
Conservatoire for Dance and Drama,2019,0
Conservatoire for Dance and Drama,2020,0
Court Theatre Training Company Ltd,2018,0
Court Theatre Training Company Ltd,2019,0
Court Theatre Training Company Ltd,2020,0
Court Theatre Training Company Ltd,2021,0
Court Theatre Training Company Ltd,2022,0
Court Theatre Training Company Ltd,2023,0
Courtauld Institute of Art,2022,1041
Courtauld Institute of Art,2021,1135
Courtauld Institute of Art,2019,1223
Courtauld Institute of Art,2018,1227
Courtauld Institute of Art,2017,1488
Courtauld Institute of Art,2015,1654
Courtauld Institute of Art,2016,1727
Courtauld Institute of Art,2020,3230
Coventry University,2015,9083
Coventry University,2017,9872
Coventry University,2018,11553
Coventry University,2019,14615
Coventry University,2021,15807
Coventry University,2016,16068
Coventry University,2022,17527
Coventry University,2020,17932
Cranfield University,2016,34420
Cranfield University,2017,36727
Cranfield University,2019,38370
Cranfield University,2015,39083
Cranfield University,2020,41769
Cranfield University,2018,42217
Cranfield University,2022,43325
Cranfield University,2021,44725
Dartington Hall Trust (The),2018,0
Dartington Hall Trust (The),2020,0
Dartington Hall Trust (The),2021,0
Dartington Hall Trust (The),2022,0
David Game College Ltd,2018,0
David Game College Ltd,2019,0
David Game College Ltd,2020,0
David Game College Ltd,2021,0
David Game College Ltd,2022,0
David Game College Ltd,2023,0
De Montfort University,2015,3368
De Montfort University,2020,3653
De Montfort University,2018,3953
De Montfort University,2019,3956
De Montfort University,2016,4025
De Montfort University,2017,4118
De Montfort University,2021,4961
De Montfort University,2022,5397
Dyson Technical Training Limited,2019,0
Dyson Technical Training Limited,2020,0
Dyson Technical Training Limited,2021,0
Dyson Technical Training Limited,2022,0
Dyson Technical Training Limited,2023,0
Edge Hill University,2016,452
Edge Hill University,2015,496
Edge Hill University,2017,917
Edge Hill University,2020,1265
Edge Hill University,2018,1435
Edge Hill University,2019,1506
Edge Hill University,2021,1666
Edge Hill University,2022,2157
Edinburgh Napier University,2019,3172
Edinburgh Napier University,2018,3349
Edinburgh Napier University,2020,3655
Edinburgh Napier University,2017,4218
Edinburgh Napier University,2015,4607
Edinburgh Napier University,2016,4693
Edinburgh Napier University,2021,5101
Edinburgh Napier University,2022,5544
Empire College London Limited,2017,0
Empire College London Limited,2018,0
Empire College London Limited,2019,0
Empire College London Limited,2020,0
Empire College London Limited,2021,0
Empire College London Limited,2022,0
Empire College London Limited,2023,0
Escape Studios,2018,0
Escape Studios,2019,0
Escape Studios,2022,0
Escape Studios,2020,42
Escape Studios,2022,70
Escape Studios,2021,162
ESCP Europe Business School,2023,53
ESCP Europe Business School,2022,113
ESCP Europe Business School,2021,145
ESCP Europe Business School,2020,173
ESCP Europe Business School,2018,210
ESCP Europe Business School,2019,310
European School of Osteopathy,2018,0
European School of Osteopathy,2019,0
European School of Osteopathy,2020,0
Fairfield School of Business Ltd,2021,0
Fairfield School of Business Ltd,2022,0
Falmouth University,2021,449
Falmouth University,2015,482
Falmouth University,2020,580
Falmouth University,2019,746
Falmouth University,2022,758
Falmouth University,2016,760
Falmouth University,2017,918
Falmouth University,2018,1026
Futureworks,2018,0
Futureworks,2019,0
Futureworks,2020,0
Futureworks,2021,0
Futureworks,2022,0
Futureworks,2023,0
Glasgow Caledonian University,2020,5401
Glasgow Caledonian University,2018,5765
Glasgow Caledonian University,2021,5801
Glasgow Caledonian University,2019,5818
Glasgow Caledonian University,2015,5914
Glasgow Caledonian University,2017,5972
Glasgow Caledonian University,2016,6034
Glasgow Caledonian University,2022,6486
Glasgow School of Art,2021,1309
Glasgow School of Art,2022,1877
Glasgow School of Art,2020,2010
Glasgow School of Art,2019,2742
Glasgow School of Art,2017,2793
Glasgow School of Art,2018,3217
Glasgow School of Art,2016,3916
Glasgow School of Art,2015,4069
Global Banking School Limited,2017,0
Global Banking School Limited,2018,0
Global Banking School Limited,2019,0
Global Banking School Limited,2020,0
Global Banking School Limited,2021,0
Global Banking School Limited,2022,0
Global Banking School Limited,2023,0
Goldsmiths College,2022,3477
Goldsmiths College,2017,4089
Goldsmiths College,2021,4472
Goldsmiths College,2016,4603
Goldsmiths College,2019,4837
Goldsmiths College,2015,5227
Goldsmiths College,2020,6014
Goldsmiths College,2018,6126
Guildhall School of Music and Drama,2023,202
Guildhall School of Music and Drama,2016,233
Guildhall School of Music and Drama,2015,238
Guildhall School of Music and Drama,2020,264
Guildhall School of Music and Drama,2019,364
Guildhall School of Music and Drama,2018,409
Guildhall School of Music and Drama,2017,410
Guildhall School of Music and Drama,2021,680
Guildhall School of Music and Drama,2022,1258
Harper Adams University,2019,2321
Harper Adams University,2020,2579
Harper Adams University,2017,2746
Harper Adams University,2021,2947
Harper Adams University,2015,3056
Harper Adams University,2016,3134
Harper Adams University,2018,3172
Harper Adams University,2022,3279
Hartpury University,2017,0
Hartpury University,2018,0
Hartpury University,2019,0
Hartpury University,2020,0
Hartpury University,2022,160
Hartpury University,2021,231
Heriot-Watt University,2016,27107
Heriot-Watt University,2019,28758
Heriot-Watt University,2017,31424
Heriot-Watt University,2020,32934
Heriot-Watt University,2022,33067
Heriot-Watt University,2015,33209
Heriot-Watt University,2018,33582
Heriot-Watt University,2021,39298
Heythrop College,2016,12
Heythrop College,2015,24
Heythrop College,2017,33
Higher Rhythm Limited,2021,0
Higher Rhythm Limited,2022,0
Higher Rhythm Limited,2023,0
Hult International Business School Ltd,2018,0
Hult International Business School Ltd,2019,0
Hult International Business School Ltd,2020,0
Hult International Business School Ltd,2021,0
Hult International Business School Ltd,2022,0
ICON College of Technology and Management,2018,0
ICON College of Technology and Management,2019,0
ICON College of Technology and Management,2020,0
ICON College of Technology and Management,2021,0
ICON College of Technology and Management,2022,0
ICON College of Technology and Management,2023,0
"Imperial College of Science, Technology and Medicine",2019,347692
"Imperial College of Science, Technology and Medicine",2015,350623
"Imperial College of Science, Technology and Medicine",2016,361262
"Imperial College of Science, Technology and Medicine",2020,363046
"Imperial College of Science, Technology and Medicine",2017,364229
"Imperial College of Science, Technology and Medicine",2018,368020
"Imperial College of Science, Technology and Medicine",2021,368432
"Imperial College of Science, Technology and Medicine",2022,383080
Inchbald School of Design Limited,2019,0
Inchbald School of Design Limited,2020,0
Inchbald School of Design Limited,2021,0
Inchbald School of Design Limited,2022,0
Institute of Art - London Limited,2018,0
Institute of Art - London Limited,2019,0
Institute of Art - London Limited,2020,0
Institute of Art - London Limited,2021,0
Institute of Art - London Limited,2022,0
Institute of Art - London Limited,2023,0
Institute of Contemporary Music Performance,2017,0
Institute of Contemporary Music Performance,2018,0
Institute of Contemporary Music Performance,2019,0
Institute of Contemporary Music Performance,2020,0
Institute of Contemporary Music Performance,2021,0
Institute of Contemporary Music Performance,2023,0
International Business College Manchester Limited,2021,0
International Business College Manchester Limited,2022,0
International College of Musical Theatre,2022,0
International College of Musical Theatre,2023,0
INTO University Partnerships Limited,2018,0
INTO University Partnerships Limited,2019,0
INTO University Partnerships Limited,2020,0
INTO University Partnerships Limited,2021,0
INTO University Partnerships Limited,2022,0
Istituto Marangoni Limited,2018,0
Istituto Marangoni Limited,2019,0
Istituto Marangoni Limited,2020,0
Istituto Marangoni Limited,2021,0
Istituto Marangoni Limited,2022,0
JSA Education Group Ltd.,2018,0
JSA Education Group Ltd.,2019,0
JSA Education Group Ltd.,2020,0
JSA Education Group Ltd.,2021,0
JSA Education Group Ltd.,2022,0
Kaplan International Colleges U.K. Limited,2019,0
Kaplan International Colleges U.K. Limited,2020,0
Kaplan International Colleges U.K. Limited,2021,0
Kaplan International Colleges U.K. Limited,2022,0
Kaplan International Colleges U.K. Limited,2023,0
Kaplan Open Learning (Essex) Limited,2018,0
Kaplan Open Learning (Essex) Limited,2019,0
Kaplan Open Learning (Essex) Limited,2020,0
Kaplan Open Learning (Essex) Limited,2021,0
Kaplan Open Learning (Essex) Limited,2022,0
Kaplan Open Learning (Essex) Limited,2023,0
Keele University,2021,14933
Keele University,2019,15042
Keele University,2015,17067
Keele University,2018,17079
Keele University,2017,17777
Keele University,2022,18380
Keele University,2016,18511
Keele University,2020,24569
King's College London,2020,187893
King's College London,2016,192563
King's College London,2015,193182
King's College London,2017,194417
King's College London,2018,194681
King's College London,2019,200544
King's College London,2021,221164
King's College London,2022,236276
Kingston University,2022,2304
Kingston University,2020,2486
Kingston University,2021,2730
Kingston University,2019,3017
Kingston University,2018,3736
Kingston University,2015,3984
Kingston University,2016,4021
Kingston University,2017,4425
KLC School of Design,2018,0
KLC School of Design,2019,0
KLC School of Design,2020,0
LAMDA Limited,2017,0
LAMDA Limited,2018,0
LAMDA Limited,2019,0
LAMDA Limited,2020,0
LAMDA Limited,2021,0
LAMDA Limited,2022,0
Le Cordon Bleu Limited,2018,0
Le Cordon Bleu Limited,2019,0
Le Cordon Bleu Limited,2020,0
Le Cordon Bleu Limited,2021,0
Le Cordon Bleu Limited,2022,0
Le Cordon Bleu Limited,2023,0
Leeds Arts University,2015,0
Leeds Arts University,2016,0
Leeds Arts University,2017,0
Leeds Arts University,2018,0
Leeds Arts University,2019,0
Leeds Arts University,2020,0
Leeds Arts University,2021,0
Leeds Arts University,2022,0
Leeds Beckett University,2015,2701
Leeds Beckett University,2018,3224
Leeds Beckett University,2016,3361
Leeds Beckett University,2017,3660
Leeds Beckett University,2019,3711
Leeds Beckett University,2020,4202
Leeds Beckett University,2021,4480
Leeds Beckett University,2022,5853
Leeds Conservatoire,2018,0
Leeds Conservatoire,2019,0
Leeds Conservatoire,2020,0
Leeds Conservatoire,2021,0
Leeds Conservatoire,2022,0
Leeds Conservatoire,2017,98
Leeds Trinity University,2017,16
Leeds Trinity University,2021,38
Leeds Trinity University,2020,45
Leeds Trinity University,2019,51
Leeds Trinity University,2015,53
Leeds Trinity University,2018,58
Leeds Trinity University,2016,66
Leeds Trinity University,2022,103
LIBF Limited,2023,0
Liverpool Hope University,2021,103
Liverpool Hope University,2015,196
Liverpool Hope University,2022,203
Liverpool Hope University,2019,257
Liverpool Hope University,2020,265
Liverpool Hope University,2016,311
Liverpool Hope University,2017,438
Liverpool Hope University,2018,487
Liverpool John Moores University,2017,8843
Liverpool John Moores University,2016,9194
Liverpool John Moores University,2018,9544
Liverpool John Moores University,2015,9895
Liverpool John Moores University,2019,10019
Liverpool John Moores University,2021,12501
Liverpool John Moores University,2022,13474
Liverpool John Moores University,2020,13917
Liverpool School of Tropical Medicine,2015,44921
Liverpool School of Tropical Medicine,2016,76308
Liverpool School of Tropical Medicine,2017,76835
Liverpool School of Tropical Medicine,2019,78274
Liverpool School of Tropical Medicine,2018,80996
Liverpool School of Tropical Medicine,2020,99175
Liverpool School of Tropical Medicine,2021,104499
Liverpool School of Tropical Medicine,2022,115050
LMA,2021,0
LMA,2022,0
London Bridge Business Academy,2018,0
London Bridge Business Academy,2019,0
London Bridge Business Academy,2020,0
London Bridge Business Academy,2021,0
London Bridge Business Academy,2022,0
London Bridge Business Academy,2023,0
London Business School,2022,1005
London Business School,2021,1634
London Business School,2015,1685
London Business School,2018,1879
London Business School,2017,1888
London Business School,2016,2048
London Business School,2019,2250
London Business School,2020,2436
London Churchill College Ltd,2020,0
London Churchill College Ltd,2021,0
London Churchill College Ltd,2022,0
London Churchill College Ltd,2023,0
London College of Business Studies,2021,0
London College of Business Studies,2022,0
London Film School Limited,2018,0
London Film School Limited,2019,0
London Film School Limited,2020,0
London Film School Limited,2021,0
London Film School Limited,2022,0
London Film School Limited,2023,0
London Metropolitan University,2017,249
London Metropolitan University,2020,312
London Metropolitan University,2019,441
London Metropolitan University,2018,459
London Metropolitan University,2016,714
London Metropolitan University,2022,754
London Metropolitan University,2021,936
London Metropolitan University,2015,1174
London School of Academics Ltd,2017,0
London School of Academics Ltd,2018,0
London School of Academics Ltd,2019,0
London School of Academics Ltd,2020,0
London School of Academics Ltd,2021,0
London School of Academics Ltd,2022,0
London School of Academics Ltd,2023,0
London School of Commerce & IT Limited,2017,0
London School of Commerce & IT Limited,2018,0
London School of Commerce & IT Limited,2019,0
London School of Commerce & IT Limited,2020,0
London School of Commerce & IT Limited,2021,0
London School of Commerce & IT Limited,2022,0
London School of Commerce & IT Limited,2023,0
London School of Economics and Political Science,2015,31503
London School of Economics and Political Science,2016,32113
London School of Economics and Political Science,2017,32903
London School of Economics and Political Science,2018,33267
London School of Economics and Political Science,2019,34246
London School of Economics and Political Science,2020,34932
London School of Economics and Political Science,2021,36886
London School of Economics and Political Science,2022,40599
London School of Hygiene and Tropical Medicine,2015,110104
London School of Hygiene and Tropical Medicine,2016,122433
London School of Hygiene and Tropical Medicine,2017,140577
London School of Hygiene and Tropical Medicine,2018,167567
London School of Hygiene and Tropical Medicine,2020,167569
London School of Hygiene and Tropical Medicine,2019,168450
London School of Hygiene and Tropical Medicine,2021,175341
London School of Hygiene and Tropical Medicine,2022,186513
London School of Management Education,2018,0
London School of Management Education,2019,0
London School of Management Education,2020,0
London School of Management Education,2021,0
London School of Management Education,2022,0
London School of Management Education,2023,0
London School of Science and Technology Limited,2021,0
London School of Science and Technology Limited,2022,0
London School of Theology,2018,0
London School of Theology,2019,0
London School of Theology,2020,0
London School of Theology,2021,0
London School of Theology,2022,0
London School of Theology,2023,0
London South Bank University,2015,2232
London South Bank University,2016,3089
London South Bank University,2017,3739
London South Bank University,2018,4429
London South Bank University,2021,4585
London South Bank University,2019,5464
London South Bank University,2020,5915
London South Bank University,2022,6835
London Studio Centre,2018,0
London Studio Centre,2019,0
London Studio Centre,2020,0
London Studio Centre,2021,0
London Studio Centre,2022,0
Loughborough University,2020,35532
Loughborough University,2019,38027
Loughborough University,2018,38927
Loughborough University,2021,39181
Loughborough University,2015,40119
Loughborough University,2017,41892
Loughborough University,2016,43302
Loughborough University,2022,48269
Luther King House Educational Trust,2018,0
Luther King House Educational Trust,2019,0
Luther King House Educational Trust,2020,0
Luther King House Educational Trust,2021,0
Luther King House Educational Trust,2022,0
Luther King House Educational Trust,2023,0
Matrix College of Counselling and Psychotherapy Ltd,2018,0
Matrix College of Counselling and Psychotherapy Ltd,2019,0
Matrix College of Counselling and Psychotherapy Ltd,2020,0
Matrix College of Counselling and Psychotherapy Ltd,2021,0
Matrix College of Counselling and Psychotherapy Ltd,2022,0
Matrix College of Counselling and Psychotherapy Ltd,2023,0
Met Film School Limited,2018,0
Met Film School Limited,2019,0
Met Film School Limited,2020,0
Met Film School Limited,2021,0
Met Film School Limited,2022,0
Met Film School Limited,2023,0
Middlesex University,2019,3355
Middlesex University,2021,4156
Middlesex University,2018,4529
Middlesex University,2022,4647
Middlesex University,2020,4845
Middlesex University,2015,5267
Middlesex University,2017,5325
Middlesex University,2016,5530
Missio Dei,2017,0
Missio Dei,2018,0
Missio Dei,2019,0
Missio Dei,2020,0
Missio Dei,2021,0
Missio Dei,2022,0
MLA College,2020,0
MLA College,2021,0
MLA College,2022,0
MLA College,2023,0
Mont Rose College of Management and Sciences,2018,0
Mont Rose College of Management and Sciences,2019,0
Mont Rose College of Management and Sciences,2020,0
Mont Rose College of Management and Sciences,2021,0
Mont Rose College of Management and Sciences,2022,0
Mont Rose College of Management and Sciences,2023,0
Moorlands College,2017,0
Moorlands College,2018,0
Moorlands College,2019,0
Moorlands College,2020,0
Moorlands College,2021,0
Moorlands College,2022,0
Mountview Academy of Theatre Arts,2018,0
Mountview Academy of Theatre Arts,2019,0
Mountview Academy of Theatre Arts,2020,0
Mountview Academy of Theatre Arts,2021,0
Mountview Academy of Theatre Arts,2022,0
Mountview Academy of Theatre Arts,2023,0
Multiverse,2021,0
Multiverse,2022,0
Multiverse,2020,101
National Centre for Circus Arts,2020,0
National Centre for Circus Arts,2021,0
National Centre for Circus Arts,2023,0
Navitas UK Holdings Limited,2018,0
Navitas UK Holdings Limited,2019,0
Navitas UK Holdings Limited,2020,0
Navitas UK Holdings Limited,2021,0
Navitas UK Holdings Limited,2022,0
Nazarene Theological College,2017,0
Nazarene Theological College,2018,0
Nazarene Theological College,2019,0
Nazarene Theological College,2020,0
Nazarene Theological College,2021,30
Nazarene Theological College,2022,30
Nelson College London Ltd,2017,0
Nelson College London Ltd,2018,0
Nelson College London Ltd,2019,0
Nelson College London Ltd,2020,0
Nelson College London Ltd,2021,0
Nelson College London Ltd,2022,0
New Model Institute for Technology and Engineering (NMITE),2018,0
New Model Institute for Technology and Engineering (NMITE),2019,0
New Model Institute for Technology and Engineering (NMITE),2020,0
New Model Institute for Technology and Engineering (NMITE),2021,0
New Model Institute for Technology and Engineering (NMITE),2022,0
Newbold College,2019,0
Newbold College,2020,0
Newbold College,2021,0
Newbold College,2022,0
Newbold College,2023,0
Newcastle University,2019,97723
Newcastle University,2020,99586
Newcastle University,2016,107558
Newcastle University,2018,108676
Newcastle University,2017,109454
Newcastle University,2021,109580
Newcastle University,2015,110248
Newcastle University,2022,119345
Norland College,2019,-2
Norland College,2017,0
Norland College,2018,0
Norland College,2020,30
Norland College,2022,33
Norland College,2021,49
Northeastern University London,2018,0
Northeastern University London,2019,0
Northeastern University London,2020,0
Northeastern University London,2021,40
Northeastern University London,2022,82
Northern College of Acupuncture,2017,0
Northern College of Acupuncture,2018,0
Northern College of Acupuncture,2019,0
Northern College of Acupuncture,2020,0
Northern College of Acupuncture,2021,0
Northern College of Acupuncture,2022,0
Northern School of Contemporary Dance,2020,0
Northern School of Contemporary Dance,2021,0
Northern School of Contemporary Dance,2022,0
Norwich University of the Arts,2021,33
Norwich University of the Arts,2016,68
Norwich University of the Arts,2017,77
Norwich University of the Arts,2020,88
Norwich University of the Arts,2015,137
Norwich University of the Arts,2018,137
Norwich University of the Arts,2022,149
Norwich University of the Arts,2019,150
Oak Hill College,2017,0
Oak Hill College,2018,0
Oak Hill College,2019,0
Oxford Brookes University,2016,4054
Oxford Brookes University,2015,4314
Oxford Brookes University,2017,4791
Oxford Brookes University,2018,5837
Oxford Brookes University,2019,6212
Oxford Brookes University,2020,6324
Oxford Brookes University,2022,8011
Oxford Brookes University,2021,8666
Paris Dauphine International,2019,0
Paris Dauphine International,2020,0
Paris Dauphine International,2021,0
Paris Dauphine International,2022,0
Point Blank Music School,2018,0
Point Blank Music School,2019,0
Point Blank Music School,2020,0
Point Blank Music School,2021,0
Point Blank Music School,2022,0
Point Blank Music School,2023,0
"Queen Margaret University, Edinburgh",2016,1601
"Queen Margaret University, Edinburgh",2015,1759
"Queen Margaret University, Edinburgh",2017,1954
"Queen Margaret University, Edinburgh",2022,2015
"Queen Margaret University, Edinburgh",2018,2192
"Queen Margaret University, Edinburgh",2019,2421
"Queen Margaret University, Edinburgh",2021,2771
"Queen Margaret University, Edinburgh",2020,2986
Queen Mary University of London,2015,101482
Queen Mary University of London,2017,107022
Queen Mary University of London,2018,108096
Queen Mary University of London,2016,108486
Queen Mary University of London,2019,114706
Queen Mary University of London,2020,116222
Queen Mary University of London,2021,123382
Queen Mary University of London,2022,138229
Queen's University Belfast,2015,74854
Queen's University Belfast,2016,79605
Queen's University Belfast,2020,88583
Queen's University Belfast,2019,88682
Queen's University Belfast,2017,91652
Queen's University Belfast,2018,91691
Queen's University Belfast,2021,98425
Queen's University Belfast,2022,103093
Raindance Educational Services Limited,2019,0
Raindance Educational Services Limited,2020,0
Raindance Educational Services Limited,2021,0
Raindance Educational Services Limited,2022,0
Raindance Educational Services Limited,2023,0
Rambert School,2020,0
Rambert School,2021,0
Rambert School,2022,0
Ravensbourne University London,2018,0
Ravensbourne University London,2019,0
Ravensbourne University London,2020,0
Ravensbourne University London,2021,0
Ravensbourne University London,2022,0
Ravensbourne University London,2015,19
Ravensbourne University London,2016,112
Ravensbourne University London,2017,118
Regent College London,2017,0
Regent College London,2018,0
Regent College London,2019,0
Regent College London,2020,0
Regent College London,2021,0
Regent College London,2022,0
Regents Theological College,2018,0
Regents Theological College,2019,0
Regents Theological College,2020,0
Regents Theological College,2021,0
Regents Theological College,2022,0
Regents Theological College,2023,33
Regent's University London,2017,0
Regent's University London,2018,0
Regent's University London Limited,2020,0
Regent's University London Limited,2021,0
Regent's University London Limited,2022,0
Results Consortium Limited,2018,0
Results Consortium Limited,2019,0
Results Consortium Limited,2020,0
Results Consortium Limited,2021,0
Results Consortium Limited,2022,0
"Richmond, The American International University in London",2017,0
"Richmond, The American International University in London",2018,0
"Richmond, The American International University in London",2019,0
"Richmond, The American International University in London",2020,0
"Richmond, The American International University in London",2021,0
"Richmond, The American International University in London",2022,0
Robert Gordon University,2016,2093
Robert Gordon University,2017,2198
Robert Gordon University,2015,2421
Robert Gordon University,2019,2865
Robert Gordon University,2020,2964
Robert Gordon University,2018,3092
Robert Gordon University,2021,3522
Robert Gordon University,2022,4653
Roehampton University,2016,1393
Roehampton University,2015,1562
Roehampton University,2019,1811
Roehampton University,2020,1813
Roehampton University,2017,2062
Roehampton University,2018,2253
Roehampton University,2022,2272
Roehampton University,2021,2438
Rose Bruford College of Theatre and Performance,2015,0
Rose Bruford College of Theatre and Performance,2016,0
Rose Bruford College of Theatre and Performance,2017,0
Rose Bruford College of Theatre and Performance,2021,0
Rose Bruford College of Theatre and Performance,2022,0
Rose Bruford College of Theatre and Performance,2018,1
Rose Bruford College of Theatre and Performance,2019,1
Rose Bruford College of Theatre and Performance,2020,103
Royal Academy of Dance,2017,0
Royal Academy of Dance,2018,0
Royal Academy of Dance,2019,0
Royal Academy of Dance,2020,0
Royal Academy of Dance,2021,0
Royal Academy of Dance,2022,0
Royal Academy of Dramatic Art,2017,0
Royal Academy of Dramatic Art,2018,0
Royal Academy of Dramatic Art,2019,0
Royal Academy of Dramatic Art,2020,0
Royal Academy of Dramatic Art,2021,0
Royal Academy of Dramatic Art,2022,0
Royal Academy of Music,2022,0
Royal Academy of Music,2016,2
Royal Academy of Music,2019,8
Royal Academy of Music,2018,11
Royal Academy of Music,2020,18
Royal Academy of Music,2021,18
Royal Academy of Music,2015,22
Royal Academy of Music,2017,31
Royal Agricultural University,2019,112
Royal Agricultural University,2017,122
Royal Agricultural University,2018,148
Royal Agricultural University,2016,150
Royal Agricultural University,2020,175
Royal Agricultural University,2021,289
Royal Agricultural University,2015,375
Royal Agricultural University,2022,383
Royal College of Art,2016,3056
Royal College of Art,2017,3169
Royal College of Art,2020,3267
Royal College of Art,2018,3303
Royal College of Art,2015,3446
Royal College of Art,2019,3489
Royal College of Art,2021,3925
Royal College of Art,2022,4878
Royal College of Music,2021,302
Royal College of Music,2022,422
Royal College of Music,2017,433
Royal College of Music,2018,438
Royal College of Music,2019,439
Royal College of Music,2020,537
Royal College of Music,2015,557
Royal College of Music,2016,915
Royal Conservatoire of Scotland,2017,59
Royal Conservatoire of Scotland,2018,63
Royal Conservatoire of Scotland,2016,72
Royal Conservatoire of Scotland,2020,114
Royal Conservatoire of Scotland,2021,133
Royal Conservatoire of Scotland,2015,143
Royal Conservatoire of Scotland,2019,154
Royal Conservatoire of Scotland,2022,156
Royal Holloway and Bedford New College,2017,13850
Royal Holloway and Bedford New College,2016,13935
Royal Holloway and Bedford New College,2022,15756
Royal Holloway and Bedford New College,2015,16309
Royal Holloway and Bedford New College,2018,16410
Royal Holloway and Bedford New College,2019,17160
Royal Holloway and Bedford New College,2021,17785
Royal Holloway and Bedford New College,2020,18774
Royal Northern College of Music,2016,101
Royal Northern College of Music,2015,150
Royal Northern College of Music,2017,209
Royal Northern College of Music,2018,343
Royal Northern College of Music,2022,363
Royal Northern College of Music,2019,470
Royal Northern College of Music,2020,577
Royal Northern College of Music,2021,692
Royal School of Needlework (The),2018,0
Royal School of Needlework (The),2019,0
Royal School of Needlework (The),2020,0
Royal School of Needlework (The),2021,0
Royal School of Needlework (The),2022,0
Royal School of Needlework (The),2023,0
S P Jain London School of Management Limited,2021,0
S P Jain London School of Management Limited,2022,0
S P Jain London School of Management Limited,2023,0
SAE Education Limited,2017,0
SAE Education Limited,2018,0
SAE Education Limited,2019,0
SAE Education Limited,2020,0
SAE Education Limited,2021,0
SAE Education Limited,2023,0
Sheffield Hallam University,2015,7944
Sheffield Hallam University,2016,8037
Sheffield Hallam University,2017,8515
Sheffield Hallam University,2018,9333
Sheffield Hallam University,2019,11058
Sheffield Hallam University,2021,12962
Sheffield Hallam University,2020,13922
Sheffield Hallam University,2022,14051
SOAS University of London,2015,5764
SOAS University of London,2021,6098
SOAS University of London,2016,6344
SOAS University of London,2020,7002
SOAS University of London,2022,7294
SOAS University of London,2017,7871
SOAS University of London,2019,8386
SOAS University of London,2018,8534
Solent University,2019,95
Solent University,2022,163
Solent University,2020,170
Solent University,2016,242
Solent University,2018,250
Solent University,2015,272
Solent University,2017,396
Solent University,2021,397
Spurgeon's College,2019,0
Spurgeon's College,2020,0
Spurgeon's College,2021,0
Spurgeon's College,2022,0
SRUC,2020,12314
SRUC,2019,13090
SRUC,2017,13103
SRUC,2021,13264
SRUC,2016,13713
SRUC,2018,14447
SRUC,2015,17015
SRUC,2022,24730
"St George's, University of London",2020,11177
"St George's, University of London",2019,11300
"St George's, University of London",2021,12261
"St George's, University of London",2022,12759
"St George's, University of London",2015,12841
"St George's, University of London",2018,13095
"St George's, University of London",2016,13311
"St George's, University of London",2017,13635
St Mary's University College,2020,0
St Mary's University College,2021,0
St Mary's University College,2018,9
St Mary's University College,2019,9
St Mary's University College,2016,26
St Mary's University College,2017,28
St Mary's University College,2015,35
St Mary's University College,2022,61
"St Mary's University, Twickenham",2015,9
"St Mary's University, Twickenham",2016,315
"St Mary's University, Twickenham",2019,341
"St Mary's University, Twickenham",2018,415
"St Mary's University, Twickenham",2017,461
"St Mary's University, Twickenham",2020,769
"St Mary's University, Twickenham",2022,1032
"St Mary's University, Twickenham",2021,1069
St Mellitus College,2017,0
St Mellitus College,2018,0
St Mellitus College,2019,0
St Mellitus College,2020,0
St Mellitus College,2021,0
St Mellitus College,2022,0
St Nicholas Montessori Training Limited,2018,0
St Nicholas Montessori Training Limited,2019,0
St Nicholas Montessori Training Limited,2020,0
Staffordshire University,2019,496
Staffordshire University,2020,733
Staffordshire University,2021,965
Staffordshire University,2015,1165
Staffordshire University,2022,1376
Staffordshire University,2018,1401
Staffordshire University,2016,1479
Staffordshire University,2017,1553
Stranmillis University College,2017,25
Stranmillis University College,2019,36
Stranmillis University College,2018,45
Stranmillis University College,2020,61
Stranmillis University College,2021,192
Stranmillis University College,2016,196
Stranmillis University College,2015,198
Stranmillis University College,2022,271
Stratford College London,2022,0
Stratford College London,2023,0
Study Group,2018,0
Study Group,2019,0
Study Group,2020,0
Study Group,2021,0
Study Group,2022,0
Study Group,2023,0
Swansea University,2016,41778
Swansea University,2015,43346
Swansea University,2017,51644
Swansea University,2019,56184
Swansea University,2020,62074
Swansea University,2022,67098
Swansea University,2021,69212
Swansea University,2018,94597
Tavistock and Portman NHS Foundation Trust,2020,11949
Tavistock and Portman NHS Foundation Trust,2022,12678
Tavistock and Portman NHS Foundation Trust,2023,12922
Tavistock and Portman NHS Foundation Trust,2021,13680
Tavistock and Portman NHS Foundation Trust,2019,17433
Teesside University,2017,2445
Teesside University,2016,2558
Teesside University,2015,3003
Teesside University,2018,3244
Teesside University,2019,3383
Teesside University,2020,3617
Teesside University,2021,4448
Teesside University,2022,5377
The Arts University Bournemouth,2015,0
The Arts University Bournemouth,2016,0
The Arts University Bournemouth,2020,10
The Arts University Bournemouth,2019,21
The Arts University Bournemouth,2017,116
The Arts University Bournemouth,2018,125
The Arts University Bournemouth,2022,284
The Arts University Bournemouth,2021,305
The Ashridge (Bonar Law Memorial) Trust,2019,0
The Ashridge (Bonar Law Memorial) Trust,2021,0
The Ashridge (Bonar Law Memorial) Trust,2022,0
The Ashridge (Bonar Law Memorial) Trust,2023,0
The Ashridge (Bonar Law Memorial) Trust,2020,12
The Cambridge Theological Federation,2018,0
The Cambridge Theological Federation,2019,0
The Cambridge Theological Federation,2020,0
The Cambridge Theological Federation,2021,0
The Cambridge Theological Federation,2022,0
The Cambridge Theological Federation,2023,0
The City College,2019,0
The City College,2020,0
The City College,2021,0
The City College,2022,0
The College of Health Ltd,2019,0
The College of Health Ltd,2020,0
The College of Health Ltd,2021,0
The College of Health Ltd,2022,0
The College of Health Ltd,2023,0
The College of Integrated Chinese Medicine,2018,0
The College of Integrated Chinese Medicine,2019,0
The College of Integrated Chinese Medicine,2020,0
The College of Integrated Chinese Medicine,2021,0
The College of Integrated Chinese Medicine,2022,0
The College of Integrated Chinese Medicine,2023,0
The College of Osteopaths,2019,0
The College of Osteopaths,2020,0
The College of Osteopaths,2021,0
The College of Osteopaths,2022,0
The College of Osteopaths,2023,0
The Council of the Inns of Court,2019,0
The Council of the Inns of Court,2020,0
The Council of the Inns of Court,2021,0
The Council of the Inns of Court,2022,0
The Council of the Inns of Court,2023,0
The Engineering and Design Institute London,2019,0
The Engineering and Design Institute London,2020,0
The Engineering and Design Institute London,2021,0
The Engineering and Design Institute London,2022,0
The Film Education Training Trust Limited,2017,0
The Film Education Training Trust Limited,2018,0
The Film Education Training Trust Limited,2019,0
The Film Education Training Trust Limited,2020,0
The Film Education Training Trust Limited,2021,0
The Film Education Training Trust Limited,2022,0
The Film Education Training Trust Limited,2023,0
The Institute of Cancer Research,2019,58975
The Institute of Cancer Research,2016,60443
The Institute of Cancer Research,2015,61691
The Institute of Cancer Research,2021,64088
The Institute of Cancer Research,2022,64572
The Institute of Cancer Research,2017,65205
The Institute of Cancer Research,2018,67362
The Institute of Cancer Research,2020,69398
The Institute of Ismaili Studies,2018,0
The Institute of Ismaili Studies,2019,0
The Institute of Ismaili Studies,2020,0
The Institute of Ismaili Studies,2021,0
The Institute of Ismaili Studies,2022,0
The Institute of Ismaili Studies,2023,0
The Islamic College,2019,0
The Islamic College,2020,0
The Islamic College,2021,0
The Islamic College,2022,0
The Islamic College,2023,0
The Liverpool Institute for Performing Arts,2015,0
The Liverpool Institute for Performing Arts,2016,0
The Liverpool Institute for Performing Arts,2017,0
The Liverpool Institute for Performing Arts,2018,0
The Liverpool Institute for Performing Arts,2019,0
The Liverpool Institute for Performing Arts,2020,0
The Liverpool Institute for Performing Arts,2021,0
The Liverpool Institute for Performing Arts,2022,0
The London College,2018,0
The London College,2019,0
The London College,2020,0
The London College,2021,0
The London College,2022,0
The London Institute of Banking & Finance,2017,0
The London Institute of Banking & Finance,2018,0
The London Institute of Banking & Finance,2019,0
The London Institute of Banking & Finance,2020,0
The London Institute of Banking & Finance,2021,0
The London Interdisciplinary School Ltd,2018,0
The London Interdisciplinary School Ltd,2019,0
The London Interdisciplinary School Ltd,2020,0
The London Interdisciplinary School Ltd,2021,0
The London Interdisciplinary School Ltd,2022,0
The London School of Architecture,2017,0
The London School of Architecture,2018,0
The London School of Architecture,2019,0
The London School of Architecture,2020,0
The London School of Architecture,2021,0
The London School of Architecture,2022,0
The Manchester Metropolitan University,2015,6113
The Manchester Metropolitan University,2016,8279
The Manchester Metropolitan University,2017,9425
The Manchester Metropolitan University,2018,9555
The Manchester Metropolitan University,2019,9726
The Manchester Metropolitan University,2020,11779
The Manchester Metropolitan University,2021,13890
The Manchester Metropolitan University,2022,14890
The Markfield Institute of Higher Education,2018,0
The Markfield Institute of Higher Education,2019,0
The Markfield Institute of Higher Education,2020,0
The Markfield Institute of Higher Education,2021,0
The Markfield Institute of Higher Education,2022,0
The Markfield Institute of Higher Education,2023,0
The Metanoia Institute,2018,52
The Metanoia Institute,2019,102
The Metanoia Institute,2021,117
The Metanoia Institute,2020,129
The Metanoia Institute,2022,142
The Metanoia Institute,2023,169
The Minster Centre,2018,0
The Minster Centre,2019,0
The Minster Centre,2020,0
The Minster Centre,2021,0
The Minster Centre,2022,0
The National Film and Television School,2015,0
The National Film and Television School,2016,0
The National Film and Television School,2017,0
The National Film and Television School,2018,836
The National Film and Television School,2019,1239
The National Film and Television School,2022,1309
The National Film and Television School,2021,1579
The National Film and Television School,2020,1719
The Nottingham Trent University,2015,5913
The Nottingham Trent University,2016,6687
The Nottingham Trent University,2019,6995
The Nottingham Trent University,2017,7195
The Nottingham Trent University,2018,7404
The Nottingham Trent University,2021,9091
The Nottingham Trent University,2020,9581
The Nottingham Trent University,2022,10032
The Open University,2019,11897
The Open University,2018,13639
The Open University,2020,13849
The Open University,2017,14349
The Open University,2021,14571
The Open University,2016,14910
The Open University,2015,15348
The Open University,2022,15931
"The Place, London Contemporary Dance School (LCDS)",2020,0
"The Place, London Contemporary Dance School (LCDS)",2021,0
"The Place, London Contemporary Dance School (LCDS)",2022,0
The Prince's Foundation,2017,0
The Prince's Foundation,2018,0
The Prince's Foundation,2019,0
The Prince's Foundation,2020,0
The Prince's Foundation,2021,0
The Prince's Foundation,2022,0
The Prince's Foundation,2023,0
The Queen's Foundation for Ecumenical Theological Education,2018,0
The Queen's Foundation for Ecumenical Theological Education,2020,0
The Queen's Foundation for Ecumenical Theological Education,2021,0
The Queen's Foundation for Ecumenical Theological Education,2022,0
The Queen's Foundation for Ecumenical Theological Education,2023,0
The Queen's Foundation for Ecumenical Theological Education,2019,2
The Royal Central School of Speech and Drama,2015,52
The Royal Central School of Speech and Drama,2017,106
The Royal Central School of Speech and Drama,2016,126
The Royal Central School of Speech and Drama,2018,348
The Royal Central School of Speech and Drama,2019,470
The Royal Central School of Speech and Drama,2020,482
The Royal Central School of Speech and Drama,2021,638
The Royal Central School of Speech and Drama,2022,687
The Royal Veterinary College,2021,9105
The Royal Veterinary College,2015,9282
The Royal Veterinary College,2022,9309
The Royal Veterinary College,2016,10877
The Royal Veterinary College,2017,11051
The Royal Veterinary College,2018,12226
The Royal Veterinary College,2020,12838
The Royal Veterinary College,2019,16994
The Salvation Army,2017,0
The Salvation Army,2018,0
The Salvation Army,2019,0
The Salvation Army,2020,0
The Salvation Army,2021,0
The Salvation Army,2022,0
The School of Information Risk Management,2021,0
The School of Information Risk Management,2022,0
The Sherwood Psychotherapy Training Institute Limited,2018,0
The Sherwood Psychotherapy Training Institute Limited,2019,0
The Sherwood Psychotherapy Training Institute Limited,2020,0
The Sherwood Psychotherapy Training Institute Limited,2021,0
The Sherwood Psychotherapy Training Institute Limited,2022,0
The Sherwood Psychotherapy Training Institute Limited,2023,0
The University College of Osteopathy,2017,0
The University College of Osteopathy,2016,2
The University College of Osteopathy,2015,5
The University College of Osteopathy,2020,31
The University College of Osteopathy,2019,54
The University College of Osteopathy,2022,74
The University College of Osteopathy,2021,84
The University College of Osteopathy,2018,137
The University of Aberdeen,2020,45927
The University of Aberdeen,2019,49281
The University of Aberdeen,2021,50831
The University of Aberdeen,2018,54210
The University of Aberdeen,2017,56079
The University of Aberdeen,2022,56329
The University of Aberdeen,2016,60974
The University of Aberdeen,2015,63999
The University of Bath,2016,35144
The University of Bath,2015,35690
The University of Bath,2017,37065
The University of Bath,2019,37101
The University of Bath,2020,37183
The University of Bath,2018,39642
The University of Bath,2021,40521
The University of Bath,2022,44911
The University of Birmingham,2016,124031
The University of Birmingham,2017,134237
The University of Birmingham,2015,135465
The University of Birmingham,2019,140420
The University of Birmingham,2018,150620
The University of Birmingham,2020,168282
The University of Birmingham,2022,196726
The University of Birmingham,2021,214964
The University of Bolton,2022,173
The University of Bolton,2021,178
The University of Bolton,2020,390
The University of Bolton,2017,405
The University of Bolton,2018,444
The University of Bolton,2019,488
The University of Bolton,2015,604
The University of Bolton,2016,624
The University of Bradford,2022,5652
The University of Bradford,2019,5710
The University of Bradford,2020,6170
The University of Bradford,2021,6449
The University of Bradford,2017,7305
The University of Bradford,2018,7308
The University of Bradford,2016,7822
The University of Bradford,2015,8332
The University of Brighton,2018,7415
The University of Brighton,2020,7842
The University of Brighton,2017,8046
The University of Brighton,2021,8368
The University of Brighton,2019,8491
The University of Brighton,2015,8605
The University of Brighton,2016,8814
The University of Brighton,2022,9185
The University of Bristol,2015,148922
The University of Bristol,2016,159902
The University of Bristol,2019,160973
The University of Bristol,2017,168616
The University of Bristol,2018,173485
The University of Bristol,2020,176437
The University of Bristol,2021,192796
The University of Bristol,2022,211305
The University of Buckingham,2016,350
The University of Buckingham,2017,351
The University of Buckingham,2023,374
The University of Buckingham,2015,432
The University of Buckingham,2020,819
The University of Buckingham,2022,1049
The University of Buckingham,2021,1189
The University of Cambridge,2016,465994
The University of Cambridge,2015,470396
The University of Cambridge,2017,524919
The University of Cambridge,2021,551823
The University of Cambridge,2022,569503
The University of Cambridge,2019,579419
The University of Cambridge,2020,588603
The University of Cambridge,2018,592388
The University of Central Lancashire,2016,6207
The University of Central Lancashire,2015,6416
The University of Central Lancashire,2017,6921
The University of Central Lancashire,2019,7021
The University of Central Lancashire,2018,7454
The University of Central Lancashire,2020,7520
The University of Central Lancashire,2021,9562
The University of Central Lancashire,2022,9639
The University of Chichester,2020,385
The University of Chichester,2021,554
The University of Chichester,2015,723
The University of Chichester,2022,820
The University of Chichester,2016,1130
The University of Chichester,2017,1215
The University of Chichester,2019,1301
The University of Chichester,2018,1307
The University of Dundee,2019,61894
The University of Dundee,2018,69755
The University of Dundee,2021,71786
The University of Dundee,2015,72865
The University of Dundee,2017,74018
The University of Dundee,2020,74355
The University of Dundee,2016,76158
The University of Dundee,2022,78669
The University of East Anglia,2015,34152
The University of East Anglia,2016,35581
The University of East Anglia,2017,45937
The University of East Anglia,2019,50533
The University of East Anglia,2021,53045
The University of East Anglia,2022,55559
The University of East Anglia,2018,55904
The University of East Anglia,2020,58832
The University of East London,2017,1337
The University of East London,2018,1598
The University of East London,2019,1607
The University of East London,2015,2080
The University of East London,2016,2084
The University of East London,2020,2191
The University of East London,2022,2200
The University of East London,2021,2231
The University of Edinburgh,2016,265252
The University of Edinburgh,2015,272895
The University of Edinburgh,2017,279704
The University of Edinburgh,2018,285654
The University of Edinburgh,2019,296135
The University of Edinburgh,2020,323992
The University of Edinburgh,2021,331633
The University of Edinburgh,2022,339535
The University of Essex,2015,26077
The University of Essex,2020,28062
The University of Essex,2016,29636
The University of Essex,2019,29790
The University of Essex,2021,30164
The University of Essex,2017,30450
The University of Essex,2018,30901
The University of Essex,2022,34331
The University of Exeter,2015,61853
The University of Exeter,2016,70241
The University of Exeter,2017,76073
The University of Exeter,2018,86965
The University of Exeter,2019,93152
The University of Exeter,2020,94618
The University of Exeter,2021,106765
The University of Exeter,2022,118689
The University of Glasgow,2019,168772
The University of Glasgow,2020,173309
The University of Glasgow,2015,177790
The University of Glasgow,2016,179497
The University of Glasgow,2017,180818
The University of Glasgow,2018,195064
The University of Glasgow,2021,196119
The University of Glasgow,2022,220921
The University of Greenwich,2016,12688
The University of Greenwich,2019,13250
The University of Greenwich,2021,13715
The University of Greenwich,2017,13956
The University of Greenwich,2018,14071
The University of Greenwich,2020,14687
The University of Greenwich,2015,14848
The University of Greenwich,2022,14963
The University of Huddersfield,2015,8448
The University of Huddersfield,2016,10299
The University of Huddersfield,2017,11102
The University of Huddersfield,2019,11499
The University of Huddersfield,2018,12674
The University of Huddersfield,2020,13553
The University of Huddersfield,2021,15416
The University of Huddersfield,2022,16436
The University of Hull,2017,10063
The University of Hull,2016,10385
The University of Hull,2020,11384
The University of Hull,2018,11525
The University of Hull,2019,12004
The University of Hull,2015,12006
The University of Hull,2021,12637
The University of Hull,2022,14851
The University of Kent,2016,16686
The University of Kent,2015,17019
The University of Kent,2020,17228
The University of Kent,2019,17663
The University of Kent,2021,17696
The University of Kent,2017,18019
The University of Kent,2022,18484
The University of Kent,2018,19565
The University of Lancaster,2016,38080
The University of Lancaster,2015,38321
The University of Lancaster,2019,38656
The University of Lancaster,2017,39976
The University of Lancaster,2018,42041
The University of Lancaster,2020,43432
The University of Lancaster,2022,46392
The University of Lancaster,2021,48106
The University of Law,2018,0
The University of Law,2019,0
The University of Law,2020,0
The University of Law,2021,0
The University of Law,2022,0
The University of Leeds,2015,128326
The University of Leeds,2020,130142
The University of Leeds,2016,131062
The University of Leeds,2017,137148
The University of Leeds,2019,139887
The University of Leeds,2018,150824
The University of Leeds,2021,177297
The University of Leeds,2022,184920
The University of Leicester,2015,51768
The University of Leicester,2016,52222
The University of Leicester,2017,54892
The University of Leicester,2019,57018
The University of Leicester,2018,58085
The University of Leicester,2020,61592
The University of Leicester,2021,64043
The University of Leicester,2022,70345
The University of Lincoln,2015,6275
The University of Lincoln,2017,8377
The University of Lincoln,2016,8633
The University of Lincoln,2018,8876
The University of Lincoln,2019,9709
The University of Lincoln,2022,13095
The University of Lincoln,2021,14551
The University of Lincoln,2020,15988
The University of Liverpool,2015,93681
The University of Liverpool,2016,94487
The University of Liverpool,2019,95098
The University of Liverpool,2017,95610
The University of Liverpool,2018,98653
The University of Liverpool,2020,112488
The University of Liverpool,2021,113551
The University of Liverpool,2022,118024
The University of Manchester,2020,236967
The University of Manchester,2016,262117
The University of Manchester,2019,264714
The University of Manchester,2021,270561
The University of Manchester,2022,271088
The University of Manchester,2015,273479
The University of Manchester,2017,298714
The University of Manchester,2018,323528
The University of Northampton,2021,870
The University of Northampton,2015,906
The University of Northampton,2020,980
The University of Northampton,2019,1079
The University of Northampton,2022,1103
The University of Northampton,2018,1139
The University of Northampton,2016,1464
The University of Northampton,2017,2281
The University of Oxford,2015,537412
The University of Oxford,2016,564893
The University of Oxford,2017,579036
The University of Oxford,2018,624743
The University of Oxford,2019,633554
The University of Oxford,2020,665348
The University of Oxford,2021,711386
The University of Oxford,2022,789044
The University of Portsmouth,2015,6519
The University of Portsmouth,2016,7792
The University of Portsmouth,2017,8773
The University of Portsmouth,2019,8837
The University of Portsmouth,2018,9192
The University of Portsmouth,2020,11284
The University of Portsmouth,2021,12730
The University of Portsmouth,2022,13308
The University of Reading,2015,32721
The University of Reading,2022,34277
The University of Reading,2016,35589
The University of Reading,2020,37557
The University of Reading,2019,38022
The University of Reading,2021,38046
The University of Reading,2017,38882
The University of Reading,2018,39389
The University of Salford,2016,5504
The University of Salford,2015,6203
The University of Salford,2019,6295
The University of Salford,2020,6300
The University of Salford,2022,6663
The University of Salford,2017,6729
The University of Salford,2021,6775
The University of Salford,2018,8010
The University of Sheffield,2016,155900
The University of Sheffield,2020,163633
The University of Sheffield,2015,168531
The University of Sheffield,2019,170949
The University of Sheffield,2018,183243
The University of Sheffield,2017,197489
The University of Sheffield,2022,198605
The University of Sheffield,2021,204843
The University of Southampton,2015,112504
The University of Southampton,2021,114715
The University of Southampton,2017,116634
The University of Southampton,2019,119950
The University of Southampton,2020,120076
The University of Southampton,2018,122209
The University of Southampton,2022,122529
The University of Southampton,2016,136874
The University of St. Andrews,2016,37969
The University of St. Andrews,2018,39420
The University of St. Andrews,2019,40030
The University of St. Andrews,2017,41274
The University of St. Andrews,2020,43656
The University of St. Andrews,2015,45054
The University of St. Andrews,2022,46523
The University of St. Andrews,2021,53261
The University of Stirling,2016,10227
The University of Stirling,2017,11466
The University of Stirling,2015,11492
The University of Stirling,2019,11762
The University of Stirling,2018,11915
The University of Stirling,2020,13289
The University of Stirling,2021,17366
The University of Stirling,2022,17796
The University of Strathclyde,2015,59921
The University of Strathclyde,2016,65624
The University of Strathclyde,2017,68898
The University of Strathclyde,2018,74012
The University of Strathclyde,2019,81157
The University of Strathclyde,2020,87992
The University of Strathclyde,2021,108342
The University of Strathclyde,2022,115769
The University of Sunderland,2021,1011
The University of Sunderland,2022,1166
The University of Sunderland,2019,1207
The University of Sunderland,2016,1455
The University of Sunderland,2017,1585
The University of Sunderland,2015,1734
The University of Sunderland,2020,1895
The University of Sunderland,2018,1926
The University of Surrey,2015,38946
The University of Surrey,2016,40313
The University of Surrey,2021,41305
The University of Surrey,2022,42431
The University of Surrey,2017,42729
The University of Surrey,2020,43368
The University of Surrey,2019,44231
The University of Surrey,2018,46600
The University of Sussex,2016,35591
The University of Sussex,2015,35609
The University of Sussex,2017,36756
The University of Sussex,2021,37905
The University of Sussex,2019,37929
The University of Sussex,2018,38033
The University of Sussex,2020,38885
The University of Sussex,2022,41994
The University of the West of Scotland,2018,3326
The University of the West of Scotland,2015,4128
The University of the West of Scotland,2017,4140
The University of the West of Scotland,2016,4235
The University of the West of Scotland,2019,4449
The University of the West of Scotland,2020,4814
The University of the West of Scotland,2021,5522
The University of the West of Scotland,2022,5801
The University of Wales (central functions),2020,0
The University of Wales (central functions),2021,0
The University of Wales (central functions),2022,0
The University of Wales (central functions),2019,442
The University of Wales (central functions),2018,542
The University of Wales (central functions),2016,580
The University of Wales (central functions),2017,712
The University of Wales (central functions),2015,734
The University of Warwick,2015,117075
The University of Warwick,2016,120333
The University of Warwick,2017,126452
The University of Warwick,2019,131683
The University of Warwick,2018,137822
The University of Warwick,2020,139761
The University of Warwick,2021,139920
The University of Warwick,2022,144137
The University of West London,2019,461
The University of West London,2020,663
The University of West London,2016,665
The University of West London,2018,797
The University of West London,2021,857
The University of West London,2022,861
The University of West London,2017,936
The University of West London,2015,1008
The University of Westminster,2015,4122
The University of Westminster,2017,4318
The University of Westminster,2020,4409
The University of Westminster,2018,4538
The University of Westminster,2019,4800
The University of Westminster,2021,5350
The University of Westminster,2016,6100
The University of Westminster,2022,6150
The University of Winchester,2019,291
The University of Winchester,2020,291
The University of Winchester,2021,379
The University of Winchester,2022,384
The University of Winchester,2015,441
The University of Winchester,2016,494
The University of Winchester,2018,514
The University of Winchester,2017,641
The University of Wolverhampton,2022,2340
The University of Wolverhampton,2015,2415
The University of Wolverhampton,2016,2518
The University of Wolverhampton,2017,4204
The University of Wolverhampton,2018,4234
The University of Wolverhampton,2021,4950
The University of Wolverhampton,2020,5067
The University of Wolverhampton,2019,5846
The University of York,2015,64607
The University of York,2016,66016
The University of York,2019,67805
The University of York,2020,69810
The University of York,2017,71088
The University of York,2018,75613
The University of York,2021,79717
The University of York,2022,96769
ThinkSpace Education Limited,2018,0
ThinkSpace Education Limited,2019,0
ThinkSpace Education Limited,2020,0
ThinkSpace Education Limited,2021,0
ThinkSpace Education Limited,2022,0
Total,2017,0
Total,2018,0
Total,2019,0
Total,2020,0
Total,2021,0
Total,2022,0
Total,2019,2
Total,2022,10
Total,2020,12
Total,2022,27
Total,2021,30
Total,2022,30
Total,2019,38
Total,2021,40
Total,2018,52
Total,2020,68
Total,2022,82
Total,2019,102
Total,2021,117
Total,2020,129
Total,2022,142
Total,2022,176
Total,2022,183
Total,2021,190
Total,2018,210
Total,2020,215
Total,2021,307
Total,2019,310
Total,2020,819
Total,2022,1049
Total,2021,1189
Total,2020,12314
Total,2022,13936
Total,2021,14360
Total,2019,17433
Total,2015,96609
Total,2016,104607
Total,2017,118187
Total,2019,120225
Total,2020,120380
Total,2018,120799
Total,2021,129992
Total,2022,138867
Total,2019,157540
Total,2020,168603
Total,2016,170829
Total,2015,172222
Total,2017,172812
Total,2018,173881
Total,2021,185393
Total,2016,190362
Total,2022,199765
Total,2015,204609
Total,2017,206354
Total,2019,217562
Total,2019,224222
Total,2020,230025
Total,2015,234479
Total,2017,241357
Total,2016,242324
Total,2018,244678
Total,2020,245162
Total,2021,255540
Total,2018,260447
Total,2021,266068
Total,2022,271853
Total,2022,279744
Total,2022,279754
Total,2015,280709
Total,2016,299753
Total,2015,303917
Total,2016,304880
Total,2017,317762
Total,2017,318098
Total,2019,329052
Total,2019,330715
Total,2019,330717
Total,2018,338868
Total,2018,346718
Total,2020,349659
Total,2020,384373
Total,2021,391363
Total,2016,393018
Total,2015,401270
Total,2022,409016
Total,2022,409043
Total,2020,413037
Total,2020,413105
Total,2021,419104
Total,2019,422849
Total,2019,422887
Total,2022,425045
Total,2017,446685
Total,2018,453998
Total,2015,482309
Total,2016,502908
Total,2021,514052
Total,2021,514242
Total,2019,514457
Total,2020,536344
Total,2022,537797
Total,2022,537973
Total,2017,548076
Total,2018,585323
Total,2021,585606
Total,2021,585636
Total,2015,586666
Total,2016,587449
Total,2022,600927
Total,2022,600957
Total,2017,657664
Total,2021,700096
Total,2019,714896
Total,2022,726677
Total,2020,734071
Total,2020,734083
Total,2018,740169
Total,2016,774754
Total,2015,790928
Total,2019,791155
Total,2017,797463
Total,2018,818237
Total,2015,829440
Total,2020,846483
Total,2016,882981
Total,2017,887385
Total,2021,924041
Total,2018,948346
Total,2019,949114
Total,2022,976478
Total,2020,985593
Total,2020,986412
Total,2021,1028588
Total,2021,1029777
Total,2022,1116942
Total,2022,1117991
Total,2016,1462312
Total,2015,1502747
Total,2017,1512756
Total,2019,1527212
Total,2019,1545057
Total,2020,1546114
Total,2018,1552312
Total,2018,1552574
Total,2020,1558772
Total,2021,1641346
Total,2021,1656170
Total,2022,1706246
Total,2022,1720589
Trinity College Bristol,2018,0
Trinity College Bristol,2019,0
Trinity College Bristol,2020,0
Trinity College Bristol,2021,0
Trinity College Bristol,2022,0
Trinity College Bristol,2023,0
Trinity Laban Conservatoire of Music and Dance,2018,0
Trinity Laban Conservatoire of Music and Dance,2019,0
Trinity Laban Conservatoire of Music and Dance,2021,0
Trinity Laban Conservatoire of Music and Dance,2022,0
Trinity Laban Conservatoire of Music and Dance,2020,8
Trinity Laban Conservatoire of Music and Dance,2017,16
Trinity Laban Conservatoire of Music and Dance,2015,72
Trinity Laban Conservatoire of Music and Dance,2016,78
UK Business College Ltd,2021,0
UK Business College Ltd,2022,0
Ulster University,2015,21522
Ulster University,2016,24780
Ulster University,2017,26482
Ulster University,2018,29054
Ulster University,2021,31375
Ulster University,2019,31498
Ulster University,2020,31736
Ulster University,2022,35442
University Academy 92 Limited,2018,0
University Academy 92 Limited,2019,0
University Academy 92 Limited,2020,0
University Academy 92 Limited,2021,0
University Academy 92 Limited,2022,0
University Centre Peterborough,2017,0
University Centre Peterborough,2018,0
University Centre Peterborough,2019,0
University Centre Peterborough,2020,0
University Centre Peterborough,2021,0
University Centre Peterborough,2022,0
University Centre Quayside Limited,2018,0
University Centre Quayside Limited,2019,0
University Centre Quayside Limited,2020,0
University Centre Quayside Limited,2021,0
University Centre Quayside Limited,2022,0
University Centre Quayside Limited,2023,0
University College Birmingham,2015,0
University College Birmingham,2016,0
University College Birmingham,2017,0
University College Birmingham,2018,0
University College Birmingham,2019,0
University College Birmingham,2020,0
University College Birmingham,2021,0
University College Birmingham,2022,0
University College London,2016,459844
University College London,2019,467714
University College London,2017,476308
University College London,2020,476877
University College London,2018,481083
University College London,2021,524890
University College London,2022,526713
University College London,2015,530436
University College of Estate Management,2017,0
University College of Estate Management,2021,8
University College of Estate Management,2020,28
University College of Estate Management,2022,36
University College of Estate Management,2018,38
University College of Estate Management,2019,77
University for the Creative Arts,2019,26
University for the Creative Arts,2017,42
University for the Creative Arts,2020,89
University for the Creative Arts,2015,104
University for the Creative Arts,2021,145
University for the Creative Arts,2016,147
University for the Creative Arts,2018,226
University for the Creative Arts,2022,1257
University of Bedfordshire,2020,2822
University of Bedfordshire,2015,3059
University of Bedfordshire,2018,3077
University of Bedfordshire,2021,3211
University of Bedfordshire,2017,3267
University of Bedfordshire,2019,3386
University of Bedfordshire,2022,3457
University of Bedfordshire,2016,3618
University of Chester,2016,894
University of Chester,2015,1564
University of Chester,2019,1699
University of Chester,2020,1870
University of Chester,2022,1916
University of Chester,2018,2458
University of Chester,2017,2526
University of Chester,2021,2778
University of Cumbria,2019,234
University of Cumbria,2015,270
University of Cumbria,2016,350
University of Cumbria,2018,375
University of Cumbria,2020,399
University of Cumbria,2017,528
University of Cumbria,2021,744
University of Cumbria,2022,895
University of Derby,2015,1500
University of Derby,2018,1774
University of Derby,2021,1836
University of Derby,2022,1904
University of Derby,2019,2198
University of Derby,2016,2250
University of Derby,2017,2347
University of Derby,2020,2692
University of Durham,2019,45257
University of Durham,2021,50462
University of Durham,2020,51170
University of Durham,2018,51415
University of Durham,2015,51458
University of Durham,2017,52705
University of Durham,2016,53362
University of Durham,2022,57517
University of Gloucestershire,2015,1091
University of Gloucestershire,2016,1321
University of Gloucestershire,2017,1387
University of Gloucestershire,2018,1936
University of Gloucestershire,2019,1938
University of Gloucestershire,2020,2030
University of Gloucestershire,2022,2411
University of Gloucestershire,2021,2590
University of Hertfordshire,2019,8466
University of Hertfordshire,2018,8788
University of Hertfordshire,2015,9409
University of Hertfordshire,2020,9921
University of Hertfordshire,2021,10136
University of Hertfordshire,2017,10529
University of Hertfordshire,2016,11058
University of Hertfordshire,2022,11353
University of London (Institutes and activities),2015,1619
University of London (Institutes and activities),2021,1760
University of London (Institutes and activities),2020,1832
University of London (Institutes and activities),2022,2004
University of London (Institutes and activities),2016,2095
University of London (Institutes and activities),2017,2401
University of London (Institutes and activities),2018,2742
University of London (Institutes and activities),2019,2836
University of Northumbria at Newcastle,2015,5779
University of Northumbria at Newcastle,2016,5896
University of Northumbria at Newcastle,2017,6623
University of Northumbria at Newcastle,2018,8620
University of Northumbria at Newcastle,2019,9970
University of Northumbria at Newcastle,2020,12335
University of Northumbria at Newcastle,2022,16360
University of Northumbria at Newcastle,2021,19892
University of Nottingham,2019,104972
University of Nottingham,2020,114903
University of Nottingham,2017,120148
University of Nottingham,2016,123678
University of Nottingham,2018,124294
University of Nottingham,2015,124621
University of Nottingham,2022,129525
University of Nottingham,2021,131360
University of Plymouth,2019,11875
University of Plymouth,2018,12861
University of Plymouth,2017,13061
University of Plymouth,2015,14099
University of Plymouth,2016,14215
University of Plymouth,2020,16687
University of Plymouth,2022,22201
University of Plymouth,2021,22916
University of South Wales,2016,3902
University of South Wales,2015,4159
University of South Wales,2017,4220
University of South Wales,2018,6636
University of South Wales,2020,7517
University of South Wales,2019,7784
University of South Wales,2021,8235
University of South Wales,2022,8526
University of St Mark and St John,2022,94
University of St Mark and St John,2021,104
University of St Mark and St John,2015,116
University of St Mark and St John,2019,187
University of St Mark and St John,2018,270
University of St Mark and St John,2020,349
University of St Mark and St John,2017,375
University of St Mark and St John,2016,441
University of Suffolk,2015,214
University of Suffolk,2020,283
University of Suffolk,2019,318
University of Suffolk,2018,410
University of Suffolk,2016,434
University of Suffolk,2017,491
University of Suffolk,2021,1069
University of Suffolk,2022,1693
"University of the Arts, London",2017,920
"University of the Arts, London",2015,1236
"University of the Arts, London",2018,1418
"University of the Arts, London",2016,1439
"University of the Arts, London",2019,2021
"University of the Arts, London",2020,2663
"University of the Arts, London",2021,3093
"University of the Arts, London",2022,3731
University of the Highlands and Islands,2015,12738
University of the Highlands and Islands,2022,13864
University of the Highlands and Islands,2016,14431
University of the Highlands and Islands,2020,14464
University of the Highlands and Islands,2021,15174
University of the Highlands and Islands,2019,16261
University of the Highlands and Islands,2018,17113
University of the Highlands and Islands,2017,18029
"University of the West of England, Bristol",2016,12002
"University of the West of England, Bristol",2015,12030
"University of the West of England, Bristol",2017,13622
"University of the West of England, Bristol",2018,13823
"University of the West of England, Bristol",2019,15437
"University of the West of England, Bristol",2020,15454
"University of the West of England, Bristol",2022,16744
"University of the West of England, Bristol",2021,17535
University of Wales Trinity Saint David,2017,227
University of Wales Trinity Saint David,2018,235
University of Wales Trinity Saint David,2019,311
University of Wales Trinity Saint David,2015,326
University of Wales Trinity Saint David,2021,378
University of Wales Trinity Saint David,2016,456
University of Wales Trinity Saint David,2020,617
University of Wales Trinity Saint David,2022,2327
University of Worcester,2020,620
University of Worcester,2021,878
University of Worcester,2019,967
University of Worcester,2015,1026
University of Worcester,2017,1027
University of Worcester,2022,1190
University of Worcester,2018,1230
University of Worcester,2016,1373
Waltham International College Limited,2019,0
Waltham International College Limited,2020,0
Waltham International College Limited,2021,0
Waltham International College Limited,2022,0
Waverley Abbey College,2018,0
Waverley Abbey College,2019,0
Waverley Abbey College,2020,0
Waverley Abbey College,2021,0
Waverley Abbey College,2022,0
Waverley Abbey College,2023,0
West Dean College,2018,0
West Dean College,2019,0
West Dean College,2020,0
West Dean College,2021,0
West Dean College,2022,0
West Dean College,2023,0
Wrexham University,2018,143
Wrexham University,2016,502
Wrexham University,2017,519
Wrexham University,2019,679
Wrexham University,2022,700
Wrexham University,2015,997
Wrexham University,2020,1138
Wrexham University,2021,1543
Writtle University College,2018,0
Writtle University College,2019,0
Writtle University College,2020,0
Writtle University College,2022,3
Writtle University College,2021,10
Writtle University College,2015,24
Writtle University College,2017,62
Writtle University College,2016,98
Year to date total,2023,0
Year to date total,2023,10
Year to date total,2023,33
Year to date total,2023,53
Year to date total,2023,169
Year to date total,2023,187
Year to date total,2023,374
Year to date total,2023,13124
Year to date total,2023,13346
York St John University,2016,70
York St John University,2019,175
York St John University,2020,176
York St John University,2018,196
York St John University,2017,201
York St John University,2021,213
York St John University,2015,322
York St John University,2022,557
